Brand,Model,Color,OS_Version,RAM,ROM,ProcessorType,Processing_speed,FrontCamera,RearCamera,Battery,Batterypower (),SIM,SIMType,Display_Resolution,Screensize,Weight,Original Price,Discounted Price
Redmi,9i  ,Sea Blue  ,Android 10  ,4,64,Octa  ,2 GHz  ,8 MP  ,13 MP  ,Lithium Polymer  ,6000,Dual  ,Nano  ,1544*720(HD)  ,6.5,350,9999.00,8999.00
Oppo,A53  ,Electric Black  ,Android 10  ,6,128,Quad  ,1.6 GHz  ,16 MP  ,13MP + 2MP + 2MP  ,Lithium Ion  ,5000,Dual  ,Nano  ,1544*720(HD)  ,6.5,186,17990.00,15490.00
Lava,Z61 PRO  ,Champagne Gold  ,Android 9,2,16,Octa  ,1.6 GHz  ,5 MP  ,8 MP  ,Lithium Polymer  ,3100,Dual  ,Nano  ,1544*720(HD)  ,5.4,160,6499.00,5899.00
Yureka,Yu5012  ,Champagne  ,Android 9,3,16,Quad  ,1.3 GHz  ,5 MP  ,13 MP  ,Lithium Ion  ,2500,Dual  ,Nano  ,1280x720 (HD)  ,5,159,7999.00,6899.00
Redmi,9A  ,Black  ,Android 10  ,2,32,Octa  ,2 GHz  ,5 MP  ,13 MP  ,Lithium Polymer  ,5000,Dual  ,Nano  ,1544*720(HD)  ,6.5,194,8499.00,7399.00
INFINIX,Hot 9 Pro  ,Purple  ,Android 10  ,4,64,Octa  ,2 GHz  ,8 MP  ,48 MP  ,Lithium Ion  ,5000,Dual  ,Nano  ,1544*720(HD)  ,6.6,185,12999.00,11499.00
itel,Vision 1  ,Blue  ,Android 10  ,3,32,Octa  ,1.6 GHz  ,5 MP  ,8 MP  ,Lithium Polymer  ,4000,Dual  ,Nano  ,1544*720(HD)  ,6.1,169.5,8299.00,7499.00
Lava,LAVA Z66  ,Red  ,Android 10  ,3,32,Octa  ,1.6 GHz  ,13 MP  ,13 MP  ,Lithium Polymer  ,3950,Dual  ,Nano  ,1544*720(HD)  ,6.1,162,8499.00,7999.00
Lenovo,A7000 ,Black/White ,Android 5,2,8,Octa  ,1.5 GHz ,5 MP ,8 MP ,Li-Ion ,2900,Dual ,Mini SIM ,1280 x 720 Pixels ,5.5,140,11999.00,10999.00
Redmi,Note 9 Pro  ,White  ,Android 10  ,4,128,Octa  ,2.3 GHz  ,16 MP  ,48MP+8MP+2MP+2MP  ,Lithium Polymer  ,5035,Dual  ,Nano  ,2400 x 1080 (FHD+)  ,6.7,505,17999.00,15999.00
Redmi,8,Black  ,Android 9 ,4,64,Octa  ,2 GHz  ,8 MP  ,12 MP  ,Lithium Polymer  ,5000,Dual  ,"Nano,Micro  ",750x1334  ,6.2,181,11999.00,11999.00
Billon,Capture +  ,Gold  ,Android 7.1,4,64,Octa  ,2.2 GHz  ,8 MP  ,13 MP  ,Lithium Polymer  ,3500,Dual  ,Nano  ,1920x1080 (FHD)  ,5.5,168,13999.00,7000.00
Redmi,9i  ,Midnight Black  ,Android 10  ,4,128,Octa  ,2.3 GHz  ,5 MP  ,13 MP  ,Lithium Polymer  ,5000,Dual  ,Nano  ,1544*720(HD)  ,6.5,350,10999.00,9999.00
Poco,M2  ,Red  ,Android 10  ,6,64,Octa  ,2.1 GHz  ,8 MP  ,13 MP  ,Lithium Polymer  ,5000,Dual  ,Nano  ,2400 x 1080 (FHD+)  ,6.5,350,12999.00,11649.00
Redmi,Note 9  ,Green  ,Android 10  ,4,128,Octa  ,2 GHz  ,13 MP  ,48 MP  ,Lithium Ion  ,5020,Dual  ,Nano  ,2400x1080 (FHD+)  ,6.5,200,16499.00,14499.00
TECNO,Spark Go 2020  ,Aqua Blue  ,Android 10  ,2,32,Quad  ,1.8 GHz  ,8 MP  ,13MP+2MP  ,Lithium Ion  ,5000,Dual  ,Nano  ,1544*720(HD)  ,6.44,193,7999.00,7199.00
Redmi,8A,Sea Blue  ,Android 10  ,2,32,Quad  ,2.1 GHz  ,2 MP  ,13 MP  ,Lithium Ion  ,5000,Multi  ,Nano  ,1280x720 (HD)  ,6.2,181,8999.00,8299.00
Redmi,9i  ,Nature Green  ,Android 10  ,4,128,Octa  ,2.3 GHz  ,5 MP  ,13 MP  ,Lithium Polymer  ,5000,Dual  ,Nano  ,1544*720(HD)  ,6.5,250,12999.00,10499.00
Redmi,9 Prime  ,Blue  ,Android 10  ,4,128,Octa  ,2 GHz  ,8 MP  ,13MP+8MP+2MP  ,Lithium Polymer  ,5020,Dual  ,Nano  ,2400x1080 (FHD+)  ,6.5,198,13999.00,12899.00
Samsung,Galaxy M11  ,Black  ,Android 10  ,3,32,Octa  ,1.8 GHz  ,8 MP  ,13 MP  ,Lithium Ion  ,5000,Dual  ,Nano  ,1544*720(HD)  ,6.4,168,12999.00,11999.00
Nokia,5,Matte Black  ,Android 7.1,3,16,Octa  ,1.4 GHz  ,8 MP  ,13 MP  ,Lithium Ion  ,3000,Dual  ,Micro  ,1280x720 (HD)  ,5.5,320,12999.00,7999.00
Redmi,9 Prime  ,Mint Green  ,Android 10  ,4,64,Octa  ,2 GHz  ,8 MP  ,13MP+8MP+2MP  ,Lithium Polymer  ,5020,Dual  ,Nano  ,2400x1080 (FHD+)  ,6.5,198,11999.00,10799.00
Realme,C2  ,Blue  ,Android 9,2,32,Octa  ,2 GHz  ,2 MP  ,13 MP  ,Lithium Polymer  ,4000,Dual  ,Nano  ,2048x1536 (2K)  ,6.1,166,7999.00,7649.00
Lava,Z66  ,Red  ,Android 10  ,3,32,Octa  ,1.6 GHz  ,13 MP  ,13 MP  ,Lithium Polymer  ,3950,Dual  ,Nano  ,1544*720(HD)  ,6.1,162,8499.00,7999.00
Yureka,Yu5012  ,Champagne  ,Android 10  ,3,16,Quad  ,1.3 GHz  ,5 MP  ,13 MP  ,Lithium Ion  ,2500,Dual  ,Nano  ,1280x720 (HD)  ,5,159,7999.00,6899.00
Redmi,8A Dual  ,Grey  ,Android 9  ,2,32,Octa  ,2 GHz  ,2 MP  ,13 MP  ,Lithium Polymer  ,5000,Dual  ,Nano  ,1280x720 (HD)  ,6.2,200,8499.00,7699.00
Samsung,Galaxy M11  ,Black  ,Android 10  ,3,32,Octa  ,1.8 GHz  ,8 MP  ,13 MP  ,Lithium Ion  ,5000,Dual  ,Nano  ,1544*720(HD)  ,6.4,168,12999.00,11899.00
Redmi,9 Prime  ,Sunrise Flare  ,Android 10  ,4,64,Octa  ,2 GHz  ,8 MP  ,13MP+8MP+2MP  ,Lithium Polymer  ,5020,Dual  ,Nano  ,2400x1080 (FHD+)  ,6.5,198,11999.00,10799.00
TECNO,Spark Go 2020  ,Aqua Blue  ,Android 10  ,2,32,Quad  ,1.8 GHz  ,8 MP  ,13MP+2MP  ,Lithium Ion  ,5000,Dual  ,Nano  ,1544*720(HD)  ,6.44,193,7999.00,7199.00
Redmi,Note 9 Pro  ,White  ,Android 10  ,4,128,Octa  ,2.3 GHz  ,16 MP  ,48MP+8MP+2MP+2MP  ,Lithium Polymer  ,5035,Dual  ,Nano  ,2400 x 1080 (FHD+)  ,6.7,505,17999.00,15999.00
itel,VISION 1  ,Purple  ,Android 9,2,32,Octa  ,1.6 GHz  ,5 MP  ,8 MP  ,Lithium Polymer  ,4000,Dual  ,Nano  ,1544*720(HD)  ,6.1,169,7499.00,6990.00
Redmi,Note 9 Pro  ,Black  ,Android 10  ,4,128,Octa  ,2.3 GHz  ,16 MP  ,48MP+8MP+2MP+2MP  ,Lithium Polymer  ,5036,Dual  ,Nano  ,2400 x 1080 (FHD+)  ,6.7,505,15999.00,15899.00
TECNO,Spark Go 2020  ,Green  ,Android 10  ,2,32,Quad  ,1.8 GHz  ,8 MP  ,13 MP  ,Lithium Polymer  ,5000,Dual  ,Nano  ,1544*720(HD)  ,6.44,193,7999.00,7299.00
itel,Vision 1  ,Green  ,Android 10  ,3,32,Octa  ,1.6 GHz  ,5 MP  ,8 MP  ,Lithium Polymer  ,4000,Dual  ,Nano  ,1544*720(HD)  ,6.1,169.5,8299.00,7499.00
Samsung,M01 core  ,Red  ,Android 10  ,1,16,Octa  ,2 GHz  ,16 MP  ,8 MP  ,Lithium Ion  ,3000,Dual  ,Nano  ,1544*720(HD)  ,5.3,150,7000.00,7000.00
Realme,C15  ,Blue  ,Android 10  ,3,32,Octa  ,2.3 GHz  ,8 MP  ,13MP+8MP+2MP  ,Lithium Ion  ,6000,Dual  ,Nano  ,1544*720(HD)  ,6.5,209,11999.00,9999.00
Samsung,Galaxy F41  ,Green  ,Android 10  ,6,128,Octa  ,2.3 GHz  ,32 MP  ,64MP  ,Lithium Ion  ,6000,Dual  ,Nano  ,2400x1080 (FHD+)  ,6.4,194,17999.00,17499.00
Redmi,8A Dual  ,Blue  ,Android 9 ,2,32,Octa  ,2 GHz  ,2 MP  ,13 MP  ,Lithium Polymer  ,5000,Dual  ,Nano  ,1280x720 (HD)  ,6.2,200,8499.00,7999.00
Realme,6,Blue  ,Android 10  ,6,64,Octa  ,2 GHz  ,16 MP  ,16MP+8MP+2MP  ,Lithium Ion  ,4300,Dual  ,Nano  ,2400 x 1080 (FHD+)  ,6.5,191,18000.00,17900.00
Realme,7,Blue  ,Android 10  ,6,64,Octa  ,2.5 GHz  ,16 MP  ,64MP  ,Lithium Ion  ,5000,Dual  ,Nano  ,2400 x 1080 (FHD+)  ,6.5,196.5,17999.00,16149.00
Oppo,A53  ,Electric Black  ,Android 10  ,6,128,Quad  ,1.6 GHz  ,16 MP  ,13MP + 2MP + 2MP  ,Lithium Ion  ,5000,Dual  ,Nano  ,1544*720(HD)  ,6.5,186,17990.00,15490.00
Redmi,8,Sapphire Blue  ,Android 9,4,64,Octa  ,1.9 GHz  ,12 MP  ,12 MP  ,Lithium Ion  ,5000,Dual  ,Nano  ,1280x720 (HD)  ,6.2,188,11999.00,11999.00
Realme,6,White  ,Android 10  ,6,64,Octa  ,2 GHz  ,16 MP  ,16MP+8MP+2MP  ,Lithium Ion  ,4300,Dual  ,Nano  ,2400 x 1080 (FHD+)  ,6.5,191,16999.00,15400.00
Redmi,Note 9 pro max  ,Blue  ,Android 10  ,6,64,Octa  ,2.3 GHz  ,32 MP  ,64MP  ,Lithium Ion  ,5000,Dual  ,Nano  ,2400x1080 (FHD+)  ,6.6,209,18999.00,18099.00
Redmi,8,Black  ,Android 9,4,64,Octa  ,2 GHz  ,8 MP  ,12 MP  ,Lithium Polymer  ,5000,Dual  ,"Nano,Micro  ",750x1334  ,6.2,181,11999.00,11999.00
Yureka,2 PLUS  ,Champagne  ,Android 7.1,3,16,Quad  ,1.3 GHz  ,5 MP  ,13 MP  ,Lithium Polymer  ,2500,Dual  ,Nano  ,1280x720 (HD)  ,5,172,7999.00,6899.00
Motorola,E7 Plus  ,Mist Blue  ,Android 10  ,4,64,Octa  ,1.8 GHz  ,8 MP  ,48 MP  ,Lithium Ion  ,5000,Dual  ,Nano  ,1544*720(HD)  ,6.5,180,12999.00,9999.00
Panasonic,i8  ,Black  ,Android 9,3,32,Octa  ,2 GHz  ,8 MP  ,13 MP  ,Lithium Ion  ,4000,Dual  ,Nano  ,1544*720(HD)  ,6.2,250,14990.00,8499.00
Billon,Capture +  ,Gold  ,Android 7.1 ,4,64,Octa  ,2.2 GHz  ,8 MP  ,13 MP  ,Lithium Polymer  ,3500,Dual  ,Nano  ,1920x1080 (FHD)  ,5.5,168,13999.00,7000.00
Blackberry,DTEK60  ,Black  ,Android 6.0  ,4,32,Quad  ,2.2 GHz  ,8 MP  ,21 MP  ,Lithium Ion  ,4230,Single  ,Nano  ,2560x1440 (QHD)  ,5.5,165,29999.00,16998.00
TECNO,SPARK 6 AIR  ,Black  ,Android 10  ,2,32,Quad  ,1.8 GHz  ,8 MP  ,13 MP  ,Lithium Ion  ,6000,Dual  ,Nano  ,750x1334  ,6.8,216,9999.00,7999.00
Samsung,Galaxy M01 core  ,Red  ,Android 9,2,32,Octa  ,1.5 GHz  ,8 MP  ,5 MP  ,Lithium Ion  ,3000,Dual  ,Nano  ,1544*720(HD)  ,5.4,150,8999.00,7499.00
Xolo,Era 2 ,Pyramid Gold ,Android 6.0,1,8,Quad ,1.3 GHz ,5 MP ,5 MP ,Lithium Ion ,2350,Dual ,Micro ,854x480 (FWVGA) ,5,145,5299.00,4482.00
Yureka,YU 5040 4G VoLTE ,Matte Black  ,Android 6.0,4,32,Octa  ,1.4 GHz  ,8 MP  ,13 MP  ,Lithium Ion  ,3000,Dual  ,Nano  ,1920x1080 (FHD)  ,5,500,10999.00,7099.00
Redmi,8A Dual  ,Grey  ,Android 9,3,32,Octa  ,2 GHz  ,8 MP  ,13 MP  ,Lithium Ion  ,5000,Dual  ,Nano  ,1544*720(HD)  ,6.2,180,8999.00,8799.00
Redmi,9A  ,Blue  ,Android 10  ,2,32,Octa  ,2 GHz  ,5 MP  ,13 MP  ,Lithium Polymer  ,5000,Dual  ,Nano  ,1544*720(HD)  ,6.5,194,8499.00,7399.00
Redmi,8A SEA BLUE  ,Blue  ,iOS 10  ,2,32,Quad  ,2.1 GHz  ,2 MP  ,13 MP  ,Lithium Ion  ,5000,Multi  ,Nano  ,1280x720 (HD)  ,6.2,181,8999.00,8299.00
Realme,C11  ,Rich Green  ,Android 10  ,2,32,Octa  ,2.3 GHz  ,5 MP  ,13 MP  ,Lithium Polymer  ,5000,Dual  ,Nano  ,1544*720(HD)  ,6.5,350,8999.00,7999.00
Redmi,9i  ,Sea Blue  ,Android 10  ,4,64,Octa  ,2 GHz  ,8 MP  ,13 MP  ,Lithium Polymer  ,6000,Dual  ,Nano  ,1544*720(HD)  ,6.5,350,9999.00,8999.00
Samsung,Galaxy M11  ,Black  ,Android 10  ,3,32,Octa  ,1.8 GHz  ,8 MP  ,13 MP  ,Lithium Ion  ,5000,Dual  ,Nano  ,1544*720(HD)  ,6.4,168,12999.00,11999.00
Redmi,NOTE 8 PRO  ,White  ,Android 9,6,128,Octa  ,2 GHz  ,20 MP  ,48 MP  ,Lithium Ion  ,4500,Dual  ,"Micro,Nano  ",2220x1080(FHD+)  ,6.5,188,17999.00,17999.00
Nokia,5,Matte Black  ,Android 7.1  ,3,16,Octa  ,1.4 GHz  ,8 MP  ,13 MP  ,Lithium Ion  ,3000,Dual  ,Micro  ,1280x720 (HD)  ,5.5,320,12999.00,7999.00
Samsung,Galaxy M31 Prime Edition  ,Black  ,Android 10  ,6,128,Octa  ,2.3 GHz  ,32 MP  ,5 MP  ,Lithium Ion  ,6000,Dual  ,Nano  ,2400x1080 (FHD+)  ,6.4,191,19999.00,19399.00
Realme,C2  ,Blue  ,Android 9,2,32,Octa  ,1.9 GHz  ,5 MP  ,13 MP  ,Lithium Ion  ,4000,Dual  ,Nano  ,1280x720 (HD)  ,6.1,165,9999.00,9990.00
INFINIX,Hot 9 Pro  ,Ocean Blue  ,Android 10  ,4,64,Octa  ,2 GHz  ,8 MP  ,48 MP  ,Lithium Ion  ,5000,Dual  ,Nano  ,1544*720(HD)  ,6.6,185,12999.00,11999.00
Oppo,A52  ,Twilight Black  ,Android 10  ,6,128,Octa  ,2 GHz  ,16 MP  ,12 MP  ,Lithium Polymer  ,5000,Dual  ,Nano  ,2400x1080 (FHD+)  ,6.5,192,19990.00,13999.00
Realme,C2  ,Black  ,Android 9,2,32,Octa  ,2 GHz  ,2 MP  ,13 MP  ,Lithium Polymer  ,4000,Dual  ,Nano  ,2048x1536 (2K)  ,6.1,166,8999.00,8499.00
Xolo,Era 2  ,Black  ,Android 6.0 ,1,8,Quad  ,1.3 GHz  ,5 MP  ,5 MP  ,Lithium Ion  ,2350,Dual  ,Micro  ,854x480 (FWVGA)  ,5,145,5299.00,4482.00
Redmi,Note 9 Pro  ,Aurora Blue  ,Android 10  ,4,128,Octa  ,2.3 GHz  ,16 MP  ,48MP+8MP+2MP+2MP  ,Lithium Polymer  ,5035,Dual  ,Nano  ,2400 x 1080 (FHD+)  ,6.7,191,17999.00,16499.00
Lenovo,A7000 ,Black/White ,Android 5 ,2,8,Octa  ,1.5 GHz ,5 MP ,8 MP ,Li-Ion ,2900,Dual ,Mini SIM ,1280 x 720 Pixels ,5.5,140,11999.00,10999.00
Redmi,9i  ,Midnight Black  ,Android 10  ,4,128,Octa  ,2.3 GHz  ,5 MP  ,13 MP  ,Lithium Polymer  ,5000,Dual  ,Nano  ,1544*720(HD)  ,6.5,350,10999.00,9999.00
Samsung,Galaxy M31  ,Black  ,Android 10  ,6,128,Octa  ,2.3 GHz  ,32 MP  ,64MP + 13MP + 8MP + 2MP  ,Lithium Ion  ,6000,Dual  ,Nano  ,2400x1080 (FHD+)  ,6.4,191,19999.00,19499.00
Poco,M2  ,Red  ,Android 10  ,6,64,Octa  ,2.1 GHz  ,8 MP  ,13 MP  ,Lithium Polymer  ,5000,Dual  ,Nano  ,2400 x 1080 (FHD+)  ,6.5,350,12999.00,11649.00
VOTO,V9  ,Blue  ,Android 8.0,3,32,Octa  ,1.5 GHz  ,8 MP  ,13 MP  ,Lithium Ion  ,3000,Dual  ,Nano  ,1280x720 (HD)  ,5.8,181,9999.00,7000.00
INFINIX,Note 5  ,Black  ,Android 8.0,3,32,Octa  ,2 GHz  ,16 MP  ,12 MP  ,Lithium Ion  ,4500,Dual  ,Micro  ,1920x1080 (FHD)  ,5.9,200,10999.00,8499.00
Realme,C12  ,Power Blue  ,Android 10  ,3,32,Octa  ,2.3 GHz  ,5 MP  ,13 MP  ,Lithium Ion  ,6000,Dual  ,Nano  ,1544*720(HD)  ,6.5,250,10999.00,9499.00
Realme,C11  ,Grey  ,Android 10  ,2,32,Octa  ,2.3 GHz  ,5 MP  ,13MP+2MP  ,Lithium Ion  ,5000,Dual  ,Nano  ,1544*720(HD)  ,6.5,196,8999.00,8990.00
INFINIX,Hot 9 Pro  ,Purple  ,Android 10  ,4,64,Octa  ,2 GHz  ,8 MP  ,48 MP  ,Lithium Ion  ,5000,Dual  ,Nano  ,1544*720(HD)  ,6.6,185,12999.00,11499.00
Redmi,9,Blue  ,Android 10  ,4,64,Octa  ,2.3 GHz  ,5 MP  ,13MP+2MP  ,Lithium Ion  ,5000,Dual  ,Nano  ,1544*720(HD)  ,6.5,194,10999.00,9699.00
Huawei,Honor 9S  ,Blue  ,Android 10  ,2,32,Octa  ,2 GHz  ,5 MP  ,8 MP  ,Lithium Polymer  ,3020,Dual  ,Nano  ,1544*720(HD)  ,5.4,144,7999.00,7000.00
Redmi,Note 9 Pro  ,White  ,Android 10  ,4,64,Octa  ,2.3 GHz  ,16 MP  ,48MP+8MP+2MP+2MP  ,Lithium Polymer  ,5032,Dual  ,Nano  ,2400 x 1080 (FHD+)  ,6.7,505,16999.00,15099.00
Oppo,Reno3 Pro  ,Midnight Black  ,Android 10  ,8,256,Quad  ,2.2 GHz  ,44MP+2MP  ,64MP + 13MP + 8MP + 2MP  ,Lithium Ion  ,4025,Dual  ,Nano  ,2400x1080 (FHD+)  ,6.44,175,35990.00,26490.00
Realme,6i  ,White  ,Android 10  ,6,64,Octa  ,2 GHz  ,16 MP  ,48MP+8MP+2MP+2MP  ,Lithium Ion  ,4300,Dual  ,Nano  ,2400x1080 (FHD+)  ,6.5,191,20000.00,15400.00
Redmi,Note 9 Pro  ,Champagne Gold  ,Android 10  ,4,64,Octa  ,2.3 GHz  ,16 MP  ,48MP+8MP+2MP+2MP  ,Lithium Polymer  ,5032,Dual  ,Nano  ,2400 x 1080 (FHD+)  ,6.7,505,16999.00,15990.00
Realme,C3  ,Grey  ,Android 9,3,32,Octa  ,1.7 GHz  ,5 MP  ,12 MP  ,Lithium Polymer  ,5000,Dual  ,Nano  ,1280x720 (HD)  ,6.5,200,9999.00,8995.00
Poco,C3  ,Lime Green  ,Android 10  ,4,64,Octa  ,2.3 GHz  ,5 MP  ,13 MP  ,Lithium Polymer  ,5000,Dual  ,Nano  ,1280x720 (HD)  ,6.5,490,10999.00,9999.00
Redmi,Note 9 Pro  ,Aurora Blue  ,Android 10  ,4,64,Octa  ,2.3 GHz  ,16 MP  ,48MP+8MP+2MP+2MP  ,Lithium Polymer  ,5031,Dual  ,Nano  ,2400 x 1080 (FHD+)  ,6.7,505,16999.00,15098.00
Realme,C3  ,Blue  ,Android 9,3,32,Octa  ,1.7 GHz  ,5 MP  ,12 MP  ,Lithium Polymer  ,5000,Dual  ,Nano  ,1280x720 (HD)  ,6.5,200,10999.00,9999.00
Redmi,9,Sky Blue  ,Android 10  ,4,128,Octa  ,2 GHz  ,5 MP  ,13 MP  ,Lithium Polymer  ,5000,Dual  ,Nano  ,1544*720(HD)  ,6.4,255,10999.00,10799.00
INFINIX,Hot 9  ,Ocean Blue  ,Android 10  ,4,64,Octa  ,2 GHz  ,8 MP  ,13 MP  ,Lithium Ion  ,5000,Dual  ,Nano  ,1544*720(HD)  ,6.6,185,10999.00,10499.00
Redmi,9i  ,Midnight Black  ,Android 10  ,4,64,Octa  ,2 GHz  ,5 MP  ,13 MP  ,Lithium Polymer  ,6000,Dual  ,Nano  ,1544*720(HD)  ,6.5,255,9999.00,8999.00
Motorola,G Turbo Virat Kohli  ,Black  ,Android 5.1.1,2,16,Octa  ,1.5 GHz  ,5 MP  ,16 MP  ,Lithium Ion  ,2500,Dual  ,Micro  ,1920x1080 (FHD)  ,5,450,13999.00,8999.00
INFINIX,Hot 9  ,Purple  ,Android 10  ,4,64,Octa  ,2 GHz  ,8 MP  ,13 MP  ,Lithium Ion  ,5000,Dual  ,Nano  ,1544*720(HD)  ,6.6,185,11999.00,10999.00
Redmi,Note 9 ProMax  ,Black  ,Android 10  ,6,64,Octa  ,2.3 GHz  ,32 MP  ,64MP + 13MP + 8MP + 2MP  ,Lithium Polymer  ,5039,Dual  ,Nano  ,2400 x 1080 (FHD+)  ,6.7,550,18999.00,18299.00
Samsung,Galaxy M01s  ,Grey  ,Android 9,3,32,Octa  ,2 GHz  ,13 MP  ,8 MP  ,Lithium Ion  ,4000,Dual  ,Nano  ,750x1334  ,6.2,168,9999.00,9100.00
Realme,C3  ,Aqua Blue  ,Android 9,4,64,Octa  ,2.4 GHz  ,5 MP  ,12 MP  ,Lithium Ion  ,5000,Dual  ,Nano  ,1280x720 (HD)  ,6.3,180,13999.00,13990.00
Redmi,Note 9 Pro  ,Interstellar Black  ,Android 10  ,4,64,Octa  ,2.3 GHz  ,16 MP  ,48MP+8MP+2MP+2MP  ,Lithium Polymer  ,5030,Dual  ,Nano  ,2400 x 1080 (FHD+)  ,6.7,505,16999.00,15099.00
Samsung,Galaxy M01  ,Blue  ,Android 10  ,3,32,Octa  ,2 GHz  ,5 MP  ,13MP+2MP  ,Lithium Ion  ,4000,Dual  ,Nano  ,1544*720(HD)  ,5.7,168,9999.00,9495.00
itel,Vision 1  ,Blue  ,Android 10  ,3,32,Octa  ,1.6 GHz  ,5 MP  ,8 MP  ,Lithium Polymer  ,4000,Dual  ,Nano  ,1544*720(HD)  ,6.1,169.5,8299.00,7499.00
Redmi,Note 9 Pro  ,Blue  ,Android 10  ,4,64,Octa  ,2.3 GHz  ,16 MP  ,48MP+8MP+2MP+2MP  ,Lithium Polymer  ,5031,Dual  ,Nano  ,2400 x 1080 (FHD+)  ,6.7,505,16999.00,15099.00
Realme,6i  ,Black  ,Android 10  ,6,64,Octa  ,2 GHz  ,16 MP  ,48MP+8MP+2MP+2MP  ,Lithium Ion  ,4300,Dual  ,Nano  ,2400x1080 (FHD+)  ,6.5,191,16999.00,14999.00
TECNO,Camon i4  ,Black  ,Android 9,2,32,Quad  ,2 GHz  ,16 MP  ,13 MP  ,Lithium Polymer  ,3500,Dual  ,Micro  ,1280x720 (HD)  ,6.2,200,10000.00,9999.00
Redmi,Note 9 ProMax  ,White  ,Android 10  ,6,64,Octa  ,2.3 GHz  ,32 MP  ,64MP + 13MP + 8MP + 2MP  ,Lithium Polymer  ,5041,Dual  ,Nano  ,2400 x 1080 (FHD+)  ,6.7,550,18999.00,18299.00
TECNO,Spark 5 KD7h  ,Green  ,Android 10  ,2,32,Quad  ,2 GHz  ,8 MP  ,13 MP  ,Lithium Polymer  ,5000,Dual  ,Nano  ,1544*720(HD)  ,6.6,191,9499.00,9449.00
Realme,X2  ,Blue  ,Android 9,4,64,Octa  ,2.2 GHz  ,32 MP  ,64MP  ,Lithium Polymer  ,4000,Dual  ,Nano  ,2400x1080 (FHD+)  ,6.4,182,22999.00,17999.00
OnePlus,3T  ,Gold  ,Android 9,6,64,Octa  ,2.4 GHz  ,13 MP  ,13 MP  ,Lithium Polymer  ,3000,Dual  ,Nano  ,1920x1080 (FHD)  ,5.5,150,29999.00,14499.00
Redmi,9 Prime  ,Black  ,Android 10  ,4,128,Octa  ,2 GHz  ,5 MP  ,13 MP  ,Lithium Ion  ,5000,Dual  ,Nano  ,2400x1080 (FHD+)  ,6.5,190,13999.00,12799.00
Redmi,9i  ,Sea Blue  ,Android 10  ,4,128,Dual  ,2 GHz  ,5 MP  ,13 MP  ,Lithium Polymer  ,5000,Dual  ,Nano  ,1544*720(HD)  ,6.5,250,10999.00,10499.00
Micromax,Canvas Infinity HS2  ,Black  ,Android 7.1,3,32,Quad  ,1.4 GHz  ,16 MP  ,13 MP  ,Lithium Polymer  ,2900,Dual  ,Micro  ,1280x720 (HD)  ,5.7,450,15999.00,7999.00
Realme,6i  ,Black  ,Android 10  ,4,64,Octa  ,2.5 GHz  ,16 MP  ,48M+8M+2M+2M  ,Lithium Polymer  ,4300,Dual  ,Nano  ,2400x1080 (FHD+)  ,6.5,191,14999.00,14299.00
Apple,11 Pro Max ,Black  ,iOS 13,4,256,Hexa  ,2.3 GHz  ,7 MP  ,12 MP  ,Lithium Ion  ,3687,Dual  ,Nano  ,4096x2160 (4K)  ,6.5,208,48000.00,45000.00
Oppo,A12  ,Blue  ,Android 10  ,4,64,Octa  ,1.9 GHz  ,5 MP  ,13MP+2MP  ,Lithium Polymer  ,4230,Dual  ,Nano  ,1544*720(HD)  ,6.2,165,11990.00,10999.00
Samsung,F41  ,Black  ,Android 10  ,6,64,Octa  ,2.3 GHz  ,32 MP  ,64MP  ,Lithium Polymer  ,6000,Dual  ,Nano  ,1080x2340  ,6.44,190,19999.00,15499.00
Samsung,F41  ,Black  ,Android 10  ,6,128,Octa  ,2.3 GHz  ,32 MP  ,64MP  ,Lithium Polymer  ,6000,Dual  ,Nano  ,1080x2340  ,6.4,191,20999.00,16449.00
Samsung,Galaxy M31  ,Aqua Blue  ,Android 10  ,6,128,Dual  ,1.5 GHz  ,44MP+2MP  ,48MP+8MP+2MP+2MP  ,Lithium Ion  ,6000,Dual  ,Nano  ,2400 x 1080 (FHD+)  ,6.4,114,19999.00,15559.00
Samsung,Galaxy M51  ,Black  ,Android 10  ,8,128,Quad  ,1.4 GHz  ,44MP+2MP  ,64MP + 13MP + 8MP + 2MP  ,Lithium Ion  ,6000,Dual  ,Nano  ,2400 x 1080 (FHD+)  ,6.4,124,30999.00,22599.00
Redmi,NOTE 9 PRO MAX  ,Interstellar Black  ,Android 10  ,6,64,Octa  ,2.3 GHz  ,32 MP  ,64MP  ,Lithium Polymer  ,5020,Dual  ,Nano  ,2400 x 1080 (FHD+)  ,6.6,209,18999.00,16499.00
Oppo,A5 2020  ,White  ,Android 9,4,64,Octa  ,2 GHz  ,8 MP  ,48 MP  ,Lithium Polymer  ,5000,Dual  ,Nano  ,1280x720 (HD)  ,6.5,195,15990.00,13290.00
INFINIX,S5 Pro  ,Green  ,Android 10  ,4,64,Octa  ,2.3 GHz  ,16 MP  ,48 MP  ,Lithium Ion  ,4000,Dual  ,Nano  ,2400x1080 (FHD+)  ,6.5,194,13999.00,12999.00
Oppo,F15  ,Blazing Blue  ,Android 9,8,128,Octa  ,2.1 GHz  ,16 MP  ,48MP+8MP+2MP+2MP  ,Lithium Polymer  ,4000,Hybrid Dual  ,Nano  ,2400x1080 (FHD+)  ,6.4,172,22990.00,17990.00
Intex,Cloud Scan FP ,Champagne ,Android 6.0,1,8,Quad ,1.3 GHz ,5 MP ,5 MP ,Lithium Ion ,2450,Dual ,Micro ,854x480 (FWVGA) ,5,156,58000.00,55000.00
Oppo,A5 2020  ,Mirror Black  ,Android 9,4,64,Octa  ,2 GHz  ,8 MP  ,12 MP  ,Lithium Polymer  ,5000,Dual  ,Nano  ,1280x720 (HD)  ,6.5,195,15990.00,13290.00
Samsung,Galaxy M31  ,Blue  ,Android 10  ,6,128,Octa  ,2.3 GHz  ,32 MP  ,64MP + 13MP + 8MP + 2MP  ,Lithium Ion  ,6000,Dual  ,Nano  ,2400x1080 (FHD+)  ,6.4,191,19999.00,19499.00
Oppo,F17 Pro  ,Metallic White  ,Android 10  ,8,128,Octa  ,2.2 GHz  ,16 MP  ,48M+8M+2M+2M  ,Lithium Ion  ,4015,Dual  ,Nano  ,2400x1080 (FHD+)  ,6.4,164,25990.00,22990.00
TECNO,Spark Power 2  ,Grey  ,Android 10  ,4,64,Octa  ,2 GHz  ,16 MP  ,23 MP  ,Lithium Ion  ,6000,Dual  ,Nano  ,1544*720(HD)  ,6.8,220,11999.00,10999.00
Oppo,F15  ,Black  ,Android 9,8,128,Octa  ,2.1 GHz  ,16 MP  ,48MP+8MP+2MP+2MP  ,Lithium Polymer  ,4000,Hybrid Dual  ,Nano  ,2400x1080 (FHD+)  ,6.4,172,22990.00,17990.00
INFINIX,Hot 9 Pro  ,Blue Black  ,Android 10  ,4,64,Octa  ,2 GHz  ,8 MP  ,48 MP  ,Lithium Ion  ,5000,Dual  ,Nano  ,1544*720(HD)  ,6.6,185,10999.00,10999.00
Oppo,F15  ,White  ,Android 9,8,128,Octa  ,2.1 GHz  ,16 MP  ,48MP+8MP+2MP+2MP  ,Lithium Polymer  ,4000,Hybrid Dual  ,Nano  ,2400x1080 (FHD+)  ,6.4,172,22990.00,17990.00
Oppo,A11K  ,Flowing Silver  ,Android 9,2,32,Octa  ,2.3 GHz  ,5 MP  ,13MP+2MP  ,Lithium Polymer  ,4230,Dual  ,Nano  ,1544*720(HD)  ,6.2,165,10990.00,7990.00
Realme,5 PRO  ,Blue  ,Android 9,6,64,Octa  ,2.3 GHz  ,16 MP  ,48MP+8MP+2MP+2MP  ,Lithium Ion  ,4035,Dual  ,Nano  ,2400x1080 (FHD+)  ,6.3,184,16999.00,14999.00
Oppo,A31  ,White  ,Android 9,6,128,Octa  ,2.3 GHz  ,8 MP  ,12M+2M+2M  ,Lithium Ion  ,4230,Dual  ,Nano  ,1544*720(HD)  ,6.5,180,15990.00,14290.00
itel,VISION 1  ,Purple  ,Android 9,2,32,Octa  ,1.6 GHz  ,5 MP  ,8 MP  ,Lithium Polymer  ,4000,Dual  ,Nano  ,1544*720(HD)  ,6.1,169,7499.00,6990.00
Oppo,Reno 3 Pro  ,Midnight Black  ,Android 9,8,128,Quad  ,2.2 GHz  ,44MP+2MP  ,64MP + 13MP + 8MP + 2MP  ,Lithium Ion  ,4025,Dual  ,Nano  ,2400x1080 (FHD+)  ,6.44,175,32990.00,23490.00
TECNO,SPARK 6 AIR  ,Blue  ,Android 10  ,2,32,Quad  ,1.8 GHz  ,8 MP  ,13 MP  ,Lithium Ion  ,6000,Dual  ,Nano  ,750x1334  ,6.8,216,9999.00,7999.00
Oppo,F17 Pro  ,Magic Blue  ,Android 10  ,8,128,Octa  ,2.2 GHz  ,16 MP  ,48M+8M+2M+2M  ,Lithium Ion  ,4015,Dual  ,Nano  ,2400x1080 (FHD+)  ,6.4,164,25990.00,22990.00
Huawei,Honor 9i  ,Black  ,Android 7  ,4,64,Octa  ,1.7 GHz  ,13 MP + 2 MP ,16 MP + 2 MP ,Lithium Polymer  ,3340,Dual  ,Nano  ,1920x1080 (FHD)  ,5.9,164,19999.00,16999.00
Oppo,Reno 3 Pro  ,Sky White  ,Android 9,8,128,Quad  ,2.2 GHz  ,44MP+2MP  ,64MP + 13MP + 8MP + 2MP  ,Lithium Ion  ,4025,Dual  ,Nano  ,2400x1080 (FHD+)  ,6.44,175,32990.00,23490.00
Lenovo,L19111  ,Black  ,Android 9,4,64,Octa  ,1.6 GHz  ,13 MP  ,2 MP  ,Lithium Ion  ,4000,Dual  ,Nano  ,1544*720(HD)  ,6.1,265,11999.00,8999.00
Oppo,F17  ,Navy Blue  ,Android 10  ,8,128,Quad  ,2 GHz  ,16 MP  ,16MP+8MP+2MP  ,Lithium Ion  ,4015,Dual  ,Nano  ,2400 x 1080 (FHD+)  ,6.4,163,22990.00,18490.00
Lenovo,A6600D40  ,Black  ,Android 6.0  ,2,16,Quad  ,1 GHz  ,2 MP  ,8 MP  ,Lithium Polymer  ,2300,Dual  ,Normal  ,1280x720 (HD)  ,5,142,6499.00,5512.00
Oppo,F17 Pro  ,Matte Black  ,Android 10  ,8,128,Octa  ,2.2 GHz  ,16 MP  ,48M+8M+2M+2M  ,Lithium Ion  ,4015,Dual  ,Nano  ,2400x1080 (FHD+)  ,6.4,164,25990.00,22990.00
Lenovo,L19111  ,Blue  ,Android 9,4,64,Octa  ,1.6 GHz  ,13 MP  ,2 MP  ,Lithium Ion  ,4000,Dual  ,Nano  ,1544*720(HD)  ,6.1,265,11999.00,8999.00
Oppo,F15  ,Blazing Blue  ,Android 9,4,128,Octa  ,2.1 GHz  ,16 MP  ,48M+8M+2M+2M  ,Lithium Polymer  ,4000,Hybrid Dual  ,Nano  ,2400x1080 (FHD+)  ,6.4,172,20990.00,15990.00
Xiaomi,Mi Mix 3,Black  ,Android 8.0,6,128,Octa  ,2.8 GHz  ,24MP  ,24 MP  ,Lithium Polymer  ,3080,Dual  ,Nano  ,2400x1080 (FHD+)  ,6.5,218,47000.00,42000.00
Oppo,A31  ,Mystery Black  ,Android 9,4,64,Octa  ,2.3 GHz  ,8 MP  ,12M+2M+2M  ,Lithium Ion  ,4100,Dual  ,Nano  ,1544*720(HD)  ,6.5,180,12999.00,12490.00
Swipe,Elite Pro  ,Ivory White  ,Android 6.0,3,32,Quad,1.4 GHz  ,8 MP  ,13 MP  ,Lithium Ion  ,2500,Dual  ,"Nano, Micro  ",1280x720 (HD)  ,5,165,9999.00,6990.00
Oppo,CPH2015  ,Lake Green  ,Android 9,6,128,Octa  ,2.3 GHz  ,8 MP  ,12M+2M+2M  ,Lithium Ion  ,4230,Dual  ,Nano  ,1544*720(HD)  ,6.5,180,15990.00,14290.00
Nokia,3,Matte Black ,iOS 7  ,2,16,Quad  ,1.4 GHz  ,8 MP  ,8 MP  ,Lithium Ion  ,2650,Dual  ,Nano  ,1280x720 (HD)  ,5,130,10999.00,8303.00
Oppo,A11K  ,Deep Blue  ,Android 9,2,32,Octa  ,2.3 GHz  ,5 MP  ,13MP+2MP  ,Lithium Polymer  ,4230,Dual  ,Nano  ,1544*720(HD)  ,6.2,165,10990.00,7990.00
Motorola,XT1755  ,Starry Black ,Android 7.1,1,16,Quad  ,1.2 GHz  ,2 MP  ,5 MP  ,Lithium Ion  ,2350,Dual  ,Micro  ,854x480 (FWVGA)  ,5,154,6799.00,5677.00
Oppo,A12  ,Black  ,Android 9,3,32,Octa  ,2.3 GHz  ,5 MP  ,13MP+2MP  ,Lithium Polymer  ,4230,Dual  ,Nano  ,1544*720(HD)  ,6.2,165,10990.00,8490.00
Swipe,Konnect Grand ,Black ,Android 6.0,1,8,Quad ,1.2 GHz ,2 MP ,5 MP ,Lithium Ion ,4000,Dual ,"Micro,Normal ",854x480 (FWVGA) ,5,105,3999.00,2998.00
Oppo,A53  ,Fancy Blue  ,Android 10  ,4,64,Quad  ,1.6 GHz  ,16 MP  ,13MP + 2MP + 2MP  ,Lithium Ion  ,5000,Dual  ,Nano  ,1544*720(HD)  ,6.5,186,15990.00,12990.00
Intex,Intex Aqua Style III ,Champ ,Android 7.1,1,16,Quad ,1.3 GHz ,5 MP ,5 MP ,Lithium Ion ,2500,Dual ,Micro ,854x480 (FWVGA) ,5,164,5899.00,4099.00
Oppo,A12  ,Blue  ,Android 9,3,32,Octa  ,2.3 GHz  ,5 MP  ,13MP+2MP  ,Lithium Polymer  ,4230,Dual  ,Nano  ,1544*720(HD)  ,6.2,165,10990.00,8490.00
Redmi,8A Dual  ,White  ,Android 9,2,32,Octa  ,2 GHz  ,8 MP  ,13MP+2MP  ,Lithium Ion  ,5000,Dual  ,Nano  ,1544*720(HD)  ,6.2,186,8499.00,7699.00
Oppo,A52  ,Stream White  ,Android 10  ,6,128,Octa  ,3 GHz  ,16 MP  ,12+8+2+2MP  ,Lithium Polymer  ,5000,Dual  ,Nano  ,2400x1080 (FHD+)  ,6.5,192,19990.00,16990.00
Swipe,Elite 2 Plus 2017  ,Black  ,Android 6.0 ,1,8,Quad  ,1.5 GHz  ,5 MP  ,8 MP  ,Lithium Ion  ,4000,Dual  ,Micro  ,640x480 (VGA)  ,5,150,4999.00,3502.00
Oppo,A31  ,Black  ,Android 9,6,128,Octa  ,2.3 GHz  ,8 MP  ,12M+2M+2M  ,Lithium Ion  ,4230,Dual  ,Nano  ,1544*720(HD)  ,6.5,180,15990.00,14290.00
Oppo,A53  ,Fairy White  ,Android 10  ,6,128,Quad  ,1.6 GHz  ,16 MP  ,13MP + 2MP + 2MP  ,Lithium Ion  ,5000,Dual  ,Nano  ,1544*720(HD)  ,6.5,186,17990.00,15490.00
Oppo,A31  ,White  ,Android 9,4,64,Octa  ,2.3 GHz  ,8 MP  ,12 MP  ,Lithium Ion  ,4100,Dual  ,Nano  ,1544*720(HD)  ,6.5,180,12999.00,11790.00
Oppo,A53  ,Fairy White  ,Android 10  ,4,64,Quad  ,1.6 GHz  ,16 MP  ,13MP + 2MP + 2MP  ,Lithium Ion  ,5000,Dual  ,Nano  ,1544*720(HD)  ,6.5,186,15990.00,12990.00
Oppo,A52  ,Twilight Black  ,Android 10  ,6,128,Octa  ,3 GHz  ,16 MP  ,12+8+2+2MP  ,Lithium Polymer  ,5000,Dual  ,Nano  ,2400x1080 (FHD+)  ,6.5,192,19990.00,16990.00
Oppo,A53  ,Electric Black  ,Android 10  ,4,64,Quad  ,1.6 GHz  ,16 MP  ,13MP + 2MP + 2MP  ,Lithium Ion  ,5000,Dual  ,Nano  ,1544*720(HD)  ,6.5,186,15990.00,12990.00
Oppo,A53  ,Fancy Blue  ,Android 10  ,6,128,Quad  ,1.6 GHz  ,16 MP  ,13MP + 2MP + 2MP  ,Lithium Ion  ,5000,Dual  ,Nano  ,1544*720(HD)  ,6.5,186,17990.00,15490.00
Oppo,F17  ,Dynamic Orange  ,Android 10  ,8,128,Quad  ,2 GHz  ,16 MP  ,16MP+8MP+2MP  ,Lithium Ion  ,4015,Dual  ,Nano  ,2400 x 1080 (FHD+)  ,6.4,163,22990.00,18490.00
Oppo,F15  ,Unicorn White  ,Android 9,4,128,Octa  ,2.1 GHz  ,16 MP  ,48M+8M+2M+2M  ,Lithium Polymer  ,4000,Hybrid Dual  ,Nano  ,2400x1080 (FHD+)  ,6.4,172,20990.00,15990.00
Oppo,F15  ,Lightening Black  ,Android 9,4,128,Octa  ,2.1 GHz  ,16 MP  ,48M+8M+2M+2M  ,Lithium Polymer  ,4000,Hybrid Dual  ,Nano  ,2400x1080 (FHD+)  ,6.4,172,20990.00,15990.00
Micromax,Yu Yutopia 5050  ,Graphite  ,Android 5.0.1,4,32,Octa  ,2 GHz  ,8 MP  ,21 MP  ,Lithium Ion  ,3000,Dual  ,"Micro,Nano  ",2400 x 1080 (FHD+)  ,5.2,159,19999.00,6999.00
Oppo,F17  ,Classic Silver  ,Android 10  ,6,128,Quad  ,2 GHz  ,16 MP  ,16MP+8MP+2MP  ,Lithium Ion  ,4015,Dual  ,Nano  ,2400 x 1080 (FHD+)  ,6.4,163,20990.00,16990.00
Oppo,F17  ,Navy Blue  ,Android 10  ,6,128,Quad  ,2 GHz  ,16 MP  ,16MP+8MP+2MP  ,Lithium Ion  ,4015,Dual  ,Nano  ,2400 x 1080 (FHD+)  ,6.4,163,20990.00,16990.00
Oppo,F17  ,Dynamic Orange  ,Android 10  ,6,128,Quad  ,2 GHz  ,16 MP  ,16MP+8MP+2MP  ,Lithium Ion  ,4015,Dual  ,Nano  ,2400 x 1080 (FHD+)  ,6.4,163,20990.00,16990.00
